Date,Volume,Close/Last,Open,High,Low
7/24/2020,39826990,201.3,200.42,202.86,197.51
7/23/2020,67457040,202.54,207.19,210.92,202.15
7/22/2020,49605690,211.75,209.2,212.3,208.39
7/21/2020,38105780,208.75,213.66,213.94,208.03
7/20/2020,36884840,211.6,205,212.3,203.01
7/17/2020,31635280,202.88,204.47,205.04,201.39
7/16/2020,29940650,203.92,205.4,205.7,202.31
7/15/2020,32179410,208.04,209.56,211.33,205.03
7/14/2020,37591820,208.35,206.13,208.85,202.03
7/13/2020,38135610,207.07,214.48,215.8,206.5
7/10/2020,26177630,213.67,213.62,214.08,211.08
7/9/2020,33121680,214.32,216.33,216.38,211.47
7/8/2020,33600030,212.83,210.07,213.26,208.69
7/7/2020,33600730,208.25,210.45,214.67,207.99
7/6/2020,31897630,210.7,208.83,211.13,208.09
7/2/2020,29315760,206.26,205.68,208.02,205
7/1/2020,32061210,204.7,203.14,206.35,201.77
6/30/2020,34310280,203.51,197.88,204.4,197.74
6/29/2020,26701590,198.44,195.78,198.53,193.55
6/26/2020,54675780,196.33,199.73,199.89,194.88
6/25/2020,27803930,200.34,197.8,200.61,195.47
6/24/2020,36740650,197.84,201.6,203.25,196.56
6/23/2020,30917450,201.91,202.09,203.95,201.43
6/22/2020,32818930,200.57,195.79,200.76,195.23
6/19/2020,44441140,195.15,198.59,199.29,194.37
6/18/2020,23061650,196.32,194,196.49,194
6/17/2020,25687820,194.24,195.03,196.32,193.69
6/16/2020,42556660,193.57,192.89,195.58,191.46
6/15/2020,32770190,188.94,184.58,190.82,184.01
6/12/2020,43373590,187.74,190.54,191.72,185.18
6/11/2020,52854670,186.27,193.13,195.76,186.07
6/10/2020,43872330,196.84,191.13,198.52,191.01
6/9/2020,29783920,189.8,188,190.7,187.26
6/8/2020,33211590,188.36,185.94,188.55,184.44
6/5/2020,39893640,187.2,182.62,187.73,182.01
6/4/2020,28761810,182.92,184.3,185.84,182.3
6/3/2020,27311020,185.36,184.82,185.94,183.58
6/2/2020,30794590,184.91,184.25,185,181.35
6/1/2020,22668820,182.83,182.54,183,181.46
5/29/2020,42146720,183.25,182.73,184.27,180.41
5/28/2020,33831820,181.4,180.74,184.15,180.38
5/27/2020,39517150,181.81,180.2,181.99,176.6
5/26/2020,36073610,181.57,186.34,186.5,181.1
5/22/2020,20826900,183.51,183.19,184.46,182.54
5/21/2020,29119510,183.43,185.4,186.67,183.29
5/20/2020,31261330,185.66,184.81,185.85,183.94
5/19/2020,26799120,183.63,185.03,186.6,183.49
5/18/2020,35306620,184.91,185.75,186.2,183.96
5/15/2020,46610380,183.16,179.06,187.06,177
5/14/2020,41873910,180.53,177.54,180.69,175.68
5/13/2020,44711490,179.75,182.55,184.05,176.54
5/12/2020,32038200,182.51,186.8,187.04,182.3
5/11/2020,30892660,186.74,183.15,187.51,182.85
5/8/2020,30912640,184.68,184.98,185,183.36
5/7/2020,28315990,183.6,184.17,184.55,182.58
5/6/2020,32139300,182.54,182.08,184.2,181.63
5/5/2020,36839170,180.76,180.62,183.65,179.9
5/4/2020,30372860,178.84,174.49,179,173.8
5/1/2020,39370470,174.57,175.8,178.64,174.01
4/30/2020,53875860,179.21,180,180.4,176.23
4/29/2020,51286560,177.43,173.22,177.68,171.88
4/28/2020,34392690,169.81,175.59,175.67,169.39
4/27/2020,33194380,174.05,176.59,176.9,173.3
4/24/2020,34305320,174.55,172.06,174.56,170.71
4/23/2020,32790800,171.42,174.11,175.06,170.91
4/22/2020,34651600,173.52,171.39,174,170.82
4/21/2020,56203750,167.82,173.5,173.67,166.11
4/20/2020,36669560,175.06,176.63,178.75,174.99
4/17/2020,52765630,178.6,179.5,180,175.87
4/16/2020,50479610,177.04,174.3,177.28,172.9
4/15/2020,40940830,171.88,171.2,173.57,169.24
4/14/2020,52874340,173.7,169,173.75,168
4/13/2020,41905260,165.51,164.35,165.57,162.3
4/9/2020,51431780,165.14,166.36,167.37,163.33
4/8/2020,48318230,165.13,165.67,166.67,163.5
4/7/2020,62769040,163.49,169.59,170,163.26
4/6/2020,67111700,165.27,160.32,166.5,157.58
4/3/2020,41243280,153.83,155.1,157.38,152.19
4/2/2020,49630740,155.26,151.86,155.48,150.36
4/1/2020,57969930,152.11,153,157.75,150.82
3/31/2020,77927190,157.71,159.4,164.78,156.56
3/30/2020,63420330,160.23,152.44,160.6,150.01
3/27/2020,57042290,149.7,151.75,154.89,149.2
3/26/2020,64694430,156.11,148.4,156.66,148.37
3/25/2020,75638220,146.92,148.91,154.33,144.44
3/24/2020,82516730,148.34,143.75,149.6,141.27
3/23/2020,78975180,135.98,137.01,140.57,132.52
3/20/2020,84866220,137.35,146,147.1,135.86
3/19/2020,85922660,142.71,142.77,150.15,139
3/18/2020,81593170,140.4,138,146,135.02
3/17/2020,81059820,146.57,140,147.5,135
3/16/2020,87905870,135.42,140,149.35,135
3/13/2020,92727450,158.83,147.5,161.91,140.73
3/12/2020,93226370,139.06,145.3,153.47,138.58
3/11/2020,56504300,153.63,157.13,157.7,151.15
3/10/2020,65354390,160.92,158.16,161.03,152.58
3/9/2020,70419270,150.62,151,157.75,150
3/6/2020,72821060,161.57,162.61,163.11,156
3/5/2020,47817250,166.27,166.05,170.87,165.69
3/4/2020,49814380,170.55,168.49,170.7,165.62
3/3/2020,71677020,164.51,173.8,175,162.26
3/2/2020,71030810,172.79,165.31,172.92,162.31
2/28/2020,97073560,162.01,152.41,163.71,152
2/27/2020,93174910,158.18,163.32,167.03,157.98
2/26/2020,56387150,170.17,169.71,173.26,168.21
2/25/2020,68073300,168.07,174.2,174.84,167.65
2/24/2020,68311070,170.89,167.77,174.55,163.23
2/21/2020,48600390,178.59,183.17,183.5,177.25
2/20/2020,36862380,184.42,186.95,187.25,181.1
2/19/2020,29997470,187.28,188.06,188.18,186.47
2/18/2020,27853110,187.23,185.61,187.7,185.5
2/14/2020,23149520,185.35,183.25,185.41,182.65
2/13/2020,35295830,183.71,183.08,186.23,182.87
2/12/2020,47062920,184.71,185.58,185.85,181.85
2/11/2020,53159910,184.44,190.65,190.7,183.5
2/10/2020,35844270,188.7,183.58,188.84,183.25
2/7/2020,33529070,183.89,182.85,185.63,182.48
2/6/2020,27751380,183.63,180.97,183.82,180.06
2/5/2020,39186320,179.9,184.03,184.2,178.41
2/4/2020,36433340,180.12,177.14,180.64,176.31
2/3/2020,30149050,174.38,170.43,174.5,170.4
1/31/2020,36142690,170.23,172.21,172.4,169.58
1/30/2020,51597470,172.78,174.05,174.05,170.79
1/29/2020,35127770,168.04,167.84,168.75,165.69
1/28/2020,24899940,165.46,163.78,165.76,163.07
1/27/2020,32078070,162.28,161.15,163.38,160.2
1/24/2020,24918120,165.04,167.51,167.53,164.45
1/23/2020,19680770,166.72,166.19,166.8,165.27
1/22/2020,24138780,165.7,167.4,167.49,165.68
1/21/2020,29517190,166.5,166.68,168.19,166.43
1/17/2020,34371660,167.1,167.42,167.47,165.43
1/16/2020,23865360,166.17,164.35,166.24,164.03
1/15/2020,21417870,163.18,162.62,163.94,162.57
1/14/2020,23500780,162.13,163.39,163.6,161.72
1/13/2020,21637010,163.28,161.76,163.31,161.26
1/10/2020,20733950,161.34,162.82,163.22,161.18
1/9/2020,21399950,162.09,161.84,162.22,161.03
1/8/2020,27762030,160.09,158.93,160.8,157.95
1/7/2020,21881740,157.58,159.32,159.67,157.32
1/6/2020,20826700,159.03,157.08,159.1,156.51
1/3/2020,21121680,158.62,158.32,159.95,158.06
1/2/2020,22634550,160.62,158.78,160.73,158.33
12/31/2019,18393380,157.7,156.77,157.77,156.45
12/30/2019,16356720,157.59,158.99,159.02,156.73
12/27/2019,18414350,158.96,159.45,159.55,158.22
12/26/2019,14526930,158.67,157.56,158.73,157.4
12/24/2019,8989150,157.38,157.48,157.71,157.12
12/23/2019,17726280,157.41,158.12,158.12,157.27
12/20/2019,53599610,157.41,157.35,158.49,156.29
12/19/2019,25813830,155.71,154,155.77,153.75
12/18/2019,24132380,154.37,154.3,155.48,154.18
12/17/2019,25443530,154.69,155.45,155.71,154.45
12/16/2019,24152770,155.53,155.11,155.9,154.82
12/13/2019,23850060,154.53,153,154.89,152.83
12/12/2019,24645370,153.24,151.65,153.44,151.02
12/11/2019,18860000,151.7,151.54,151.87,150.33
12/10/2019,16481060,151.13,151.29,151.89,150.77
12/9/2019,16741350,151.36,151.07,152.21,150.91
12/6/2019,16410400,151.75,150.99,151.87,150.27
12/5/2019,17880600,149.93,150.05,150.32,149.48
12/4/2019,17580620,149.85,150.14,150.18,149.2
12/3/2019,25192150,149.31,147.49,149.43,146.65
12/2/2019,27473620,149.55,151.81,151.83,148.32
11/29/2019,11977300,151.38,152.1,152.3,151.28
11/27/2019,15201290,152.32,152.33,152.5,151.52
11/26/2019,24635100,152.03,151.36,152.42,151.32
11/25/2019,22428590,151.23,150,151.35,149.92
11/22/2019,15841680,149.59,150.07,150.3,148.82
11/21/2019,18576080,149.48,149.4,149.8,148.5
11/20/2019,25720060,149.62,150.31,150.84,148.46
11/19/2019,23960160,150.39,150.88,151.33,150.2
11/18/2019,21554760,150.34,150.07,150.55,148.98
11/15/2019,23508810,149.97,148.93,149.99,148.27
11/14/2019,19755100,148.06,147.02,148.41,147
11/13/2019,17444230,147.31,146.74,147.46,146.28
11/12/2019,18648710,147.07,146.28,147.57,146.06
11/11/2019,14370180,146.11,145.34,146.42,144.73
11/8/2019,16752940,145.96,143.98,145.99,143.76
11/7/2019,17786720,144.26,143.84,144.88,143.77
11/6/2019,16575800,144.06,144.37,144.52,143.2
11/5/2019,18250170,144.46,144.97,145.02,143.91
11/4/2019,16912000,144.55,144.83,145,144.16
11/1/2019,33128370,143.72,144.26,144.42,142.97
10/31/2019,24605140,143.37,144.9,144.93,142.99
10/30/2019,18496590,144.61,143.52,145,142.79
10/29/2019,20589470,142.83,144.08,144.5,142.65
10/28/2019,35280140,144.19,144.4,145.67,143.51
10/25/2019,25959720,140.73,139.34,141.14,139.2
10/24/2019,37278400,139.94,139.39,140.42,138.67
10/23/2019,31380310,137.24,136.88,137.45,135.61
10/22/2019,27935270,136.37,138.97,140.01,136.26
10/21/2019,20716040,138.43,138.45,138.5,137.01
10/18/2019,32284430,137.41,139.76,140,136.56
10/17/2019,22102800,139.69,140.95,141.42,139.02
10/16/2019,20841690,140.41,140.79,140.99,139.53
10/15/2019,19917760,141.58,140.06,141.79,139.81
10/14/2019,13591640,139.55,139.69,140.29,139.52
10/11/2019,25551070,139.68,140.12,141.03,139.5
10/10/2019,18396610,139.1,138.49,139.67,138.25
10/9/2019,20178480,138.24,137.46,138.7,136.97
10/8/2019,26783340,135.67,137.08,137.76,135.62
10/7/2019,16601280,137.12,137.14,138.18,137.02
10/4/2019,23839550,138.12,136.75,138.25,136.42
10/3/2019,26379800,136.28,134.95,136.75,133.22
10/2/2019,32001760,134.65,136.25,136.37,133.58
10/1/2019,22581930,137.07,139.66,140.25,137
9/30/2019,18430390,139.03,138.05,139.22,137.78
9/27/2019,22498960,137.73,140.15,140.36,136.65
9/26/2019,17813510,139.54,139.44,140.18,138.44
9/25/2019,22544050,139.36,137.5,139.96,136.03
9/24/2019,30016670,137.38,140.36,140.69,136.88
9/23/2019,17408370,139.14,139.23,139.63,138.44
9/20/2019,40040770,139.44,141.01,141.65,138.25
9/19/2019,36095410,141.07,140.3,142.37,140.07
9/18/2019,24473390,138.52,137.36,138.67,136.53
9/17/2019,17976290,137.39,136.96,137.52,136.43
9/16/2019,16731440,136.33,135.83,136.7,135.66
9/13/2019,23363060,137.32,137.78,138.06,136.57
9/12/2019,27009980,137.52,137.85,138.42,136.87
9/11/2019,24726120,136.12,135.91,136.27,135.09
9/10/2019,28903380,136.08,136.8,136.89,134.51
9/9/2019,25773930,137.52,139.59,139.75,136.46
9/6/2019,20824500,139.1,140.03,140.18,138.2
9/5/2019,26119520,140.05,139.11,140.38,138.76
9/4/2019,18015310,137.63,137.3,137.69,136.48
9/3/2019,18880770,136.04,136.61,137.2,135.7
8/30/2019,23946120,137.86,139.15,139.18,136.27
8/29/2019,20179720,138.12,137.25,138.44,136.91
8/28/2019,17410830,135.56,134.88,135.76,133.55
8/27/2019,23115640,135.74,136.39,136.72,134.66
8/26/2019,20325270,135.45,134.99,135.56,133.9
8/23/2019,38515390,133.39,137.19,138.35,132.8
8/22/2019,18709660,137.78,138.66,139.2,136.29
8/21/2019,14982310,138.79,138.55,139.49,138
8/20/2019,21189000,137.26,138.21,138.71,137.24
8/19/2019,24370540,138.41,137.86,138.55,136.89
8/16/2019,25026150,136.13,134.88,136.46,134.72
8/15/2019,28125420,133.68,134.39,134.58,132.25
8/14/2019,32527250,133.98,136.36,136.92,133.67
8/13/2019,25496590,138.6,136.05,138.8,135
8/12/2019,20484350,135.79,137.07,137.86,135.24
8/9/2019,23466700,137.71,138.61,139.38,136.46
8/8/2019,27496510,138.89,136.6,138.99,135.93
8/7/2019,33414540,135.28,133.79,135.65,131.83
8/6/2019,32696650,134.69,133.8,135.68,133.21
8/5/2019,42749550,132.21,133.3,133.93,130.78
8/2/2019,30791620,136.9,138.09,138.32,135.26
8/1/2019,40557500,138.06,137,140.94,136.93
7/31/2019,38598790,136.27,140.33,140.49,135.08
7/30/2019,16846530,140.35,140.14,141.22,139.8
7/29/2019,16605870,141.03,141.5,141.51,139.37
7/26/2019,19037600,141.34,140.37,141.68,140.3
7/25/2019,18356880,140.19,140.43,140.61,139.32
7/24/2019,20738280,140.72,138.9,140.74,138.85
7/23/2019,18034590,139.29,139.76,139.99,138.03
7/22/2019,25080760,138.43,137.41,139.19,137.33
7/19/2019,48992360,136.62,140.22,140.67,136.45
7/18/2019,30808710,136.42,135.55,136.62,134.67
7/17/2019,20210960,136.27,137.7,137.93,136.22
7/16/2019,22726130,137.08,138.96,139.05,136.52
7/15/2019,16651460,138.9,139.44,139.54,138.46
7/12/2019,18936830,138.9,138.85,139.13,138.01
7/11/2019,22327940,138.4,138.2,139.22,137.87
7/10/2019,24204360,137.85,137.13,138.58,137.02
7/9/2019,19953100,136.46,136,136.97,135.8
7/8/2019,16779750,136.96,136.4,137.1,135.37
7/5/2019,18141140,137.06,135.94,137.33,135.72
7/3/2019,13629300,137.46,136.8,137.74,136.3
7/2/2019,15237840,136.58,136.12,136.59,135.34
7/1/2019,22654160,135.68,136.63,136.7,134.97
6/28/2019,30042970,133.96,134.57,134.6,133.16
6/27/2019,16557480,134.15,134.14,134.71,133.51
6/26/2019,23657750,133.93,134.35,135.74,133.6
6/25/2019,33327420,133.43,137.25,137.59,132.73
6/24/2019,20628840,137.78,137,138.4,137
6/21/2019,36727890,136.97,136.58,137.73,136.46
6/20/2019,33042590,136.95,137.45,137.66,135.72
6/19/2019,23744440,135.69,135,135.93,133.81
6/18/2019,25934460,135.16,134.19,135.24,133.57
6/17/2019,14517790,132.85,132.63,133.73,132.53
6/14/2019,17821700,132.45,132.26,133.79,131.64
6/13/2019,17200850,132.32,131.98,132.67,131.56
6/12/2019,17092460,131.49,131.4,131.97,130.71
6/11/2019,23913730,132.1,133.88,134.24,131.28
6/10/2019,26477100,132.6,132.4,134.08,132
6/7/2019,33885590,131.4,129.19,132.25,128.26
6/6/2019,21458960,127.82,126.44,127.97,125.6
6/5/2019,24926140,125.83,124.95,125.87,124.21
6/4/2019,29382640,123.16,121.28,123.28,120.65
6/3/2019,37983640,119.84,123.85,124.37,119.01
5/31/2019,26646770,123.68,124.23,124.62,123.32
5/30/2019,16829610,125.73,125.26,125.76,124.78
5/29/2019,22763140,124.94,125.38,125.39,124.04
5/28/2019,23128360,126.16,126.98,128,126.05
5/24/2019,14123360,126.24,126.91,127.42,125.97
5/23/2019,23603810,126.18,126.2,126.29,124.74
5/22/2019,15396490,127.67,126.62,128.24,126.52
5/21/2019,15293260,126.9,127.43,127.53,126.58
5/20/2019,23706930,126.22,126.52,127.59,125.76
5/17/2019,25770540,128.07,128.31,130.46,127.92
5/16/2019,30112220,128.93,126.75,129.38,126.46
5/15/2019,24722710,126.02,124.26,126.71,123.7
5/14/2019,25266320,124.73,123.87,125.88,123.7
5/13/2019,33944920,123.35,124.11,125.55,123.04
5/10/2019,30915080,127.13,124.91,127.93,123.82
5/9/2019,27235840,125.5,124.29,125.79,123.57
5/8/2019,28419000,125.51,125.44,126.37,124.75
5/7/2019,36017660,125.52,126.46,127.18,124.22
5/6/2019,24239460,128.15,126.39,128.56,126.11
5/3/2019,24911130,128.9,127.36,129.43,127.25
5/2/2019,27350160,126.21,127.98,128,125.52
5/1/2019,26821690,127.88,130.53,130.65,127.7
4/30/2019,24041490,130.6,129.81,130.7,129.39
4/29/2019,16179580,129.77,129.9,130.18,129.35
4/26/2019,23306180,129.89,129.7,130.52,129.02
4/25/2019,37927120,129.15,130.06,131.37,128.83
4/24/2019,29919920,125.01,125.79,125.85,124.52
4/23/2019,23539620,125.44,124.1,125.58,123.83
4/22/2019,14825150,123.76,122.62,124,122.57
4/18/2019,27651970,123.37,122.19,123.52,121.3
4/17/2019,19012080,121.77,121.24,121.85,120.54
4/16/2019,14054870,120.77,121.64,121.65,120.1
4/15/2019,15526260,121.05,120.94,121.58,120.57
4/12/2019,19719730,120.95,120.64,120.98,120.37
4/11/2019,13758010,120.33,120.54,120.85,119.92
4/10/2019,14540330,120.19,119.76,120.35,119.54
4/9/2019,17275470,119.28,118.63,119.54,118.58
4/8/2019,15113170,119.93,119.81,120.02,118.64
4/5/2019,15737990,119.89,119.39,120.23,119.37
4/4/2019,20090610,119.36,120.1,120.23,118.38
4/3/2019,22354020,119.97,119.86,120.43,119.15
4/2/2019,16413430,119.19,119.06,119.48,118.52
4/1/2019,19885780,119.02,118.95,119.11,118.1
3/29/2019,25375220,117.94,118.07,118.32,116.96
3/28/2019,17527550,116.93,117.44,117.58,116.13
3/27/2019,22669440,116.77,117.88,118.21,115.52
3/26/2019,25986230,117.91,118.62,118.71,116.85
3/25/2019,26641480,117.66,116.56,118.01,116.32
3/22/2019,32346990,117.05,119.5,119.59,117.04
3/21/2019,29747140,120.22,117.14,120.82,117.09
3/20/2019,26110540,117.52,117.39,118.75,116.71
3/19/2019,35304130,117.65,118.09,118.44,116.99
3/18/2019,31098780,117.57,116.17,117.61,116.05
3/15/2019,54025470,115.91,115.34,117.25,114.59
3/14/2019,30414810,114.59,114.54,115.2,114.33
3/13/2019,35311160,114.5,114.13,115,113.78
3/12/2019,26103480,113.62,112.82,113.99,112.65
3/11/2019,24525610,112.83,110.99,112.95,110.98
3/8/2019,22803110,110.51,109.16,110.71,108.8
3/7/2019,25320540,110.39,111.4,111.55,109.87
3/6/2019,17651130,111.75,111.87,112.66,111.43
3/5/2019,19090780,111.7,112.25,112.39,111.23
3/4/2019,25869380,112.26,113.02,113.25,110.8
3/1/2019,20821260,112.53,112.89,113.02,111.67
2/28/2019,28948570,112.03,112.04,112.88,111.73
2/27/2019,21471170,112.17,111.69,112.36,110.88
2/26/2019,21513210,112.36,111.26,113.24,111.17
2/25/2019,23723500,111.59,111.76,112.18,111.26
2/22/2019,27746840,110.97,110.05,111.2,109.82
2/21/2019,28856200,109.41,106.9,109.48,106.87
2/20/2019,21603580,107.15,107.86,107.94,106.29
2/19/2019,17982860,108.17,107.79,108.66,107.78
2/15/2019,26589160,108.22,107.91,108.3,107.36
2/14/2019,21745770,106.9,106.31,107.29,105.66
2/13/2019,18337830,106.81,107.5,107.78,106.71
2/12/2019,25018670,106.89,106.14,107.14,105.48
2/11/2019,18753750,105.25,106.2,106.58,104.97
2/8/2019,21453990,105.67,104.39,105.78,104.26
2/7/2019,29735930,105.27,105.19,105.59,104.29
2/6/2019,20577980,106.03,107,107,105.53
2/5/2019,27270810,107.22,106.06,107.27,105.96
2/4/2019,31216260,105.74,102.87,105.8,102.77
2/1/2019,35243730,102.78,103.78,104.1,102.35
1/31/2019,55442870,104.43,103.8,105.22,103.18
1/30/2019,47203190,106.38,104.62,106.38,104.33
1/29/2019,31262200,102.94,104.88,104.97,102.17
1/28/2019,29402020,105.08,106.26,106.48,104.66
1/25/2019,31182240,107.17,107.24,107.88,106.59
1/24/2019,23125910,106.2,106.86,107,105.34
1/23/2019,25512110,106.71,106.12,107.04,105.34
1/22/2019,32092050,105.68,106.75,107.1,104.86
1/18/2019,37299850,107.71,107.46,107.9,105.91
1/17/2019,27151570,106.12,105,106.63,104.76
1/16/2019,29655860,105.38,105.26,106.26,104.96
1/15/2019,31537490,105.01,102.51,105.05,101.88
1/14/2019,27194560,102.05,101.9,102.87,101.26
1/11/2019,28235260,102.8,103.19,103.44,101.64
1/10/2019,29978930,103.6,103.22,103.75,102.38
1/9/2019,32261890,104.27,103.86,104.88,103.24
1/8/2019,31322920,102.8,103.04,103.97,101.71
1/7/2019,35567820,102.06,101.64,103.27,100.98
1/4/2019,43982700,101.93,99.72,102.51,98.93
1/3/2019,42111650,97.4,100.1,100.19,97.2
1/2/2019,35145360,101.12,99.55,101.75,98.94
12/31/2018,33161320,101.57,101.29,102.4,100.44
12/28/2018,38160810,100.39,102.09,102.41,99.52
12/27/2018,49162950,101.18,99.3,101.19,96.4
12/26/2018,51330280,100.56,95.14,100.69,93.96
12/24/2018,43935190,94.13,97.68,97.97,93.98
12/21/2018,110945000,98.23,101.63,103,97.46
12/20/2018,70221500,101.51,103.05,104.31,98.78
12/19/2018,68110780,103.69,103.65,106.88,101.35
12/18/2018,48033550,103.97,103.75,104.51,102.52
12/17/2018,56837160,102.89,105.41,105.8,101.71
12/14/2018,46961130,106.03,108.25,109.26,105.5
12/13/2018,30600890,109.45,109.58,110.87,108.63
12/12/2018,36169700,109.08,110.89,111.27,109.04
12/11/2018,42342240,108.59,109.8,110.95,107.44
12/10/2018,40463870,107.59,104.8,107.98,103.89
12/7/2018,44391210,104.82,108.38,109.45,104.3
12/6/2018,47866160,109.19,105.82,109.24,105
12/4/2018,44572140,108.52,111.94,112.64,108.21
12/3/2018,34293960,112.09,113,113.42,110.73
11/30/2018,33652230,110.89,110.7,110.97,109.36
11/29/2018,27792540,110.19,110.33,111.12,109.03
11/28/2018,46132310,111.12,107.89,111.33,107.86
11/27/2018,29063180,107.14,106.27,107.33,105.36
11/26/2018,32258530,106.47,104.79,106.63,104.58
11/23/2018,13823100,103.07,102.17,103.81,102
11/21/2018,28121990,103.11,103.6,104.43,102.24
11/20/2018,63988520,101.71,101.8,102.97,99.35
11/19/2018,43324610,104.62,108.27,108.56,103.55
11/16/2018,33494830,108.29,107.08,108.88,106.8
11/15/2018,38430970,107.28,104.99,107.8,103.91
11/14/2018,39451290,104.97,108.1,108.26,104.47
11/13/2018,35360680,106.94,107.55,108.74,106.64
11/12/2018,33595910,106.87,109.42,109.96,106.1
11/9/2018,32011930,109.57,110.85,111.45,108.76
11/8/2018,25479410,111.75,111.8,112.21,110.91
11/7/2018,37864220,111.96,109.44,112.24,109.4
11/6/2018,24217640,107.72,107.38,108.84,106.28
11/5/2018,27908600,107.51,106.37,107.74,105.9
11/2/2018,37591700,106.16,106.48,107.32,104.98
11/1/2018,33243300,105.92,107.05,107.32,105.53
10/31/2018,51042220,106.81,105.44,108.14,105.39
10/30/2018,65273360,103.73,103.66,104.38,100.11
10/29/2018,55101300,103.85,108.11,108.7,101.63
10/26/2018,55480820,106.96,105.69,108.75,104.76
10/25/2018,61550620,108.3,106.55,109.27,106.15
10/24/2018,63236450,102.32,108.41,108.49,101.59
10/23/2018,43531680,108.1,107.77,108.97,105.11
10/22/2018,26484510,109.63,109.32,110.54,108.24
10/19/2018,32751070,108.66,108.93,110.86,108.21
10/18/2018,31794350,108.5,110.1,110.53,107.83
10/17/2018,25873980,110.71,111.68,111.81,109.55
10/16/2018,31154210,111,109.54,111.41,108.95
10/15/2018,32001580,107.6,108.91,109.48,106.95
10/12/2018,46718940,109.57,109.01,111.24,107.12
10/11/2018,63629560,105.91,105.35,108.93,104.2
10/10/2018,60560740,106.16,111.24,111.5,105.79
10/9/2018,26187200,112.26,111.14,113.08,110.8
10/8/2018,29477750,110.85,111.66,112.03,109.34
10/5/2018,29062670,112.13,112.63,113.17,110.64
10/4/2018,34475710,112.79,114.61,114.76,111.63
10/3/2018,16130010,115.17,115.42,116.18,114.93
10/2/2018,20180030,115.15,115.3,115.84,114.44
10/1/2018,18610500,115.61,114.75,115.68,114.73
9/28/2018,20525950,114.37,114.19,114.57,113.68
9/27/2018,19053590,114.41,114.78,114.91,114.2
9/26/2018,19322530,113.98,114.47,115.06,113.74
9/25/2018,20782110,114.45,114.8,115.1,113.75
9/24/2018,25273510,114.67,113.03,114.9,112.22
9/21/2018,70363000,114.26,114,115.29,113.51
9/20/2018,23667500,113.57,112.28,113.8,111.93
9/19/2018,21663020,111.7,113.05,113.32,111.04
9/18/2018,22114560,113.21,112.19,113.7,111.72
9/17/2018,20332830,112.14,113.69,113.7,111.86
9/14/2018,18261950,113.37,113.36,113.73,112.44
9/13/2018,25107230,112.91,112.12,113.73,112.12
9/12/2018,18855340,111.71,111.43,111.85,110.51
9/11/2018,24081240,111.24,108.9,111.59,108.89
9/10/2018,19887280,109.38,108.84,109.64,108.36
9/7/2018,22273530,108.21,108.23,108.72,107.23
9/6/2018,23226430,108.74,108.25,108.99,107.51
9/5/2018,32838650,108.49,111.01,111.42,108.1
9/4/2018,22558040,111.71,110.85,111.96,110.22
8/31/2018,23217310,112.33,111.69,112.78,111.52
8/30/2018,22759640,111.95,111.67,112.61,111.44
8/29/2018,20747500,112.02,110.45,112.03,110.27
8/28/2018,19144860,110.26,109.94,110.5,109.79
8/27/2018,19439380,109.6,109.27,109.64,108.51
8/24/2018,17188010,108.4,107.67,108.56,107.56
8/23/2018,17996860,107.56,107.15,108.18,106.87
8/22/2018,17878840,107.06,105.85,107.34,105.78
8/21/2018,22825830,105.98,106.92,107.35,105.85
8/20/2018,17327110,106.87,107.51,107.9,106.48
8/17/2018,18051970,107.58,107.36,107.9,106.69
8/16/2018,20687500,107.64,108.3,108.86,107.3
8/15/2018,29947600,107.66,108.49,108.99,106.82
8/14/2018,16777990,109.56,108.56,109.75,108.04
8/13/2018,18470690,108.21,109.24,109.58,108.1
8/10/2018,18171350,109,109.42,109.69,108.38
8/9/2018,13634510,109.67,109.71,110.16,109.6
8/8/2018,15461420,109.49,109.33,109.75,108.76
8/7/2018,16070070,108.88,108.56,109.1,108.17
8/6/2018,20234680,108.13,108.12,108.42,107.56
8/3/2018,18629310,108.04,107.8,108.05,106.82
8/2/2018,26080740,107.57,105.4,108.09,104.84
8/1/2018,23617980,106.28,106.03,106.45,105.42
7/31/2018,27181070,106.08,106.49,106.72,105.38
7/30/2018,34495720,105.37,107.19,107.53,104.76
7/27/2018,36916780,107.68,110.18,110.18,106.14
7/26/2018,31332820,109.62,110.74,111,109.5
7/25/2018,30586770,110.83,107.96,111.15,107.6
7/24/2018,26308190,107.66,108.57,108.82,107.26
7/23/2018,29226800,107.97,106.3,108.14,106.13
7/20/2018,55999890,106.27,108.08,108.2,106.08
7/19/2018,38193270,104.4,104.93,105.31,103.89
7/18/2018,29055780,105.12,105.94,106.05,104.72
7/17/2018,25864500,105.95,104.61,106.5,104.32
7/16/2018,20782300,104.91,105.4,105.82,104.52
7/13/2018,24578340,105.43,104.37,105.6,104.09
7/12/2018,24270690,104.19,102.77,104.41,102.73
7/11/2018,19278720,101.98,101.15,102.34,101.1
7/10/2018,19180850,102.12,102,102.51,101.86
7/9/2018,16410950,101.85,101.65,102.25,101.25
7/6/2018,18238570,101.16,99.89,101.43,99.67
7/5/2018,18583280,99.76,99.5,99.92,99.03
7/3/2018,14670280,99.05,100.48,100.63,98.94
7/2/2018,18850500,100.01,98.1,100.06,98
6/29/2018,27553700,98.61,98.93,99.91,98.33
6/28/2018,26643410,98.63,97.38,99.11,97.26
6/27/2018,31280700,97.54,99.58,100.02,97.4
6/26/2018,26551930,99.08,98.82,100.08,98.75
6/25/2018,35422640,98.39,100,100.11,97.3
6/22/2018,38869490,100.41,100.41,100.77,99.63
6/21/2018,21812100,101.14,102.08,102.46,100.88
6/20/2018,26177810,101.87,101.37,102.52,101.12
6/19/2018,27633590,100.86,99.65,101,99.5
6/18/2018,22760070,100.86,100.01,101.11,99.42
6/15/2018,65663130,100.13,101.51,101.53,100.07
6/14/2018,25405900,101.42,101.65,102.03,101
6/13/2018,28698040,100.85,101.72,102.01,100.56
6/12/2018,18072860,101.31,101.1,101.45,100.75
6/11/2018,22773270,101.05,101.37,101.59,100.67
6/8/2018,22151500,101.63,101.09,101.95,100.54
6/7/2018,28149340,100.88,102.65,102.69,100.38
6/6/2018,21112450,102.49,102.48,102.6,101.9
6/5/2018,23484820,102.19,102,102.33,101.53
6/4/2018,27173310,101.67,101.26,101.86,100.85
6/1/2018,28615930,100.79,99.28,100.86,99.17
5/31/2018,34117650,98.84,99.29,99.99,98.61
5/30/2018,21899560,98.95,98.31,99.25,97.91
5/29/2018,28395290,98.01,97.84,98.88,97.23
5/25/2018,17942630,98.36,98.3,98.98,97.86
5/24/2018,26637580,98.31,98.73,98.94,96.81
5/23/2018,21119770,98.66,96.71,98.73,96.32
5/22/2018,15438990,97.5,97.68,98.17,97.2
5/21/2018,18996380,97.6,97,98.01,96.8
5/18/2018,17543940,96.36,96.01,96.93,96.01
5/17/2018,17167840,96.18,96.76,97.54,95.83
5/16/2018,17371190,97.15,97.36,97.4,96.62
5/15/2018,24584910,97.32,97.24,97.85,96.34
5/14/2018,19447690,98.03,97.92,98.69,97.31
5/11/2018,16759750,97.7,97.8,97.87,97.04
5/10/2018,22341300,97.91,97.46,97.95,97.05
5/9/2018,27279420,96.94,96.01,96.97,95.05
5/8/2018,22764250,95.81,95.85,96.16,95.06
5/7/2018,23591080,96.22,95.17,96.71,95.1
5/4/2018,22243660,95.16,93.32,95.37,92.92
5/3/2018,31071660,94.07,92.96,94.93,92.45
5/2/2018,27459080,93.51,94.99,95.17,93.19
5/1/2018,31400270,95,93.21,95.29,92.79
4/30/2018,41196050,93.52,96.33,96.4,93.15
4/27/2018,48037250,95.82,97.6,97.9,93.91
4/26/2018,41085820,94.26,93.55,95.15,93.1
4/25/2018,33622300,92.31,93.3,93.3,90.28
4/24/2018,34495820,93.12,96.24,96.47,92.41
4/23/2018,22243560,95.35,95.74,96.29,94.63
4/20/2018,31135830,95,95.91,96.11,94.05
4/19/2018,23540730,96.11,96.44,97.07,95.34
4/18/2018,21024010,96.44,96.22,96.72,95.52
4/17/2018,25700050,96.07,95,96.54,94.88
4/16/2018,20278000,94.17,94.07,94.66,93.42
4/13/2018,23332360,93.08,94.05,94.18,92.44
4/12/2018,26684870,93.58,92.43,94.16,92.43
4/11/2018,24849510,91.86,92.01,93.29,91.48
4/10/2018,26885740,92.88,92.39,93.28,91.64
4/9/2018,31508070,90.77,91.04,93.17,90.62
4/6/2018,37809230,90.23,91.49,92.46,89.48
4/5/2018,29686720,92.38,92.44,93.07,91.4
4/4/2018,35479140,92.33,87.85,92.76,87.73
4/3/2018,37188830,89.71,89.58,90.05,87.89
4/2/2018,48473940,88.52,90.47,90.88,87.51
3/29/2018,45763610,91.27,90.18,92.29,88.4
3/28/2018,52235580,89.39,89.82,91.23,88.87
3/27/2018,55091770,89.47,94.94,95.14,88.51
3/26/2018,56261750,93.78,90.61,94,90.4
3/23/2018,43857770,87.18,89.5,90.46,87.08
3/22/2018,38354400,89.79,91.27,91.75,89.66
3/21/2018,24173600,92.48,92.93,94.05,92.21
3/20/2018,22402330,93.13,93.05,93.77,93
3/19/2018,32317260,92.89,93.74,93.9,92.11
3/16/2018,49067150,94.6,94.68,95.38,93.92
3/15/2018,27317810,94.18,93.53,94.58,92.83
3/14/2018,31971520,93.85,95.12,95.41,93.5
3/13/2018,34794600,94.41,97,97.24,93.97
3/12/2018,26042460,96.77,96.5,97.21,96.04
3/9/2018,36913460,96.54,95.29,96.54,95
3/8/2018,26957790,94.43,94.27,95.1,93.77
3/7/2018,26458530,93.86,93.16,93.94,92.43
3/6/2018,21884540,93.32,94.34,94.49,92.94
3/5/2018,23787950,93.64,92.34,94.27,92.26
3/2/2018,32815660,93.05,91.58,93.15,90.86
3/1/2018,36979700,92.85,93.99,94.57,91.84
2/28/2018,30011960,93.77,94.84,95.71,93.63
2/27/2018,25842000,94.2,95.74,95.84,94.2
2/26/2018,30167890,95.42,94.4,95.45,94.25
2/23/2018,26294200,94.06,92.75,94.07,92.36
2/22/2018,23613350,91.73,92.05,92.73,91.36
2/21/2018,26664100,91.49,92.98,93.36,91.49
2/20/2018,30325530,92.72,91.48,93.06,91.01
2/16/2018,30580470,92,92.45,93.5,91.8
2/15/2018,27523410,92.66,91.21,92.72,90.62
2/14/2018,34825510,90.81,88.51,90.99,88.41
2/13/2018,26320030,89.83,88.93,90,87.8
2/12/2018,35657250,89.13,88.74,89.78,87.93
2/9/2018,63470240,88.18,86.3,88.93,83.83
2/8/2018,55247060,85.01,89.71,89.88,84.76
2/7/2018,41082380,89.61,90.49,91.77,89.2
2/6/2018,67970920,91.33,86.89,91.48,85.25
2/5/2018,50588980,88,90.56,93.24,88
2/2/2018,47484680,91.78,93.64,93.97,91.5
2/1/2018,46866010,94.26,94.79,96.07,93.58
1/31/2018,47448270,95.01,93.75,95.4,93.51
1/30/2018,37310120,92.74,93.3,93.66,92.1
1/29/2018,31521680,93.92,95.14,95.45,93.72
1/26/2018,28964890,94.06,93.12,94.06,92.58
1/25/2018,26099100,92.33,92.47,93.24,91.93
1/24/2018,32735410,91.82,92.55,93.43,91.58
1/23/2018,23014000,91.9,91.9,92.3,91.54
1/22/2018,23511170,91.61,90,91.62,89.74
1/19/2018,35612750,90,90.14,90.61,89.66
1/18/2018,24138250,90.1,89.8,90.67,89.66
1/17/2018,25617320,90.14,89.08,90.28,88.75
1/16/2018,36584400,88.35,90.1,90.79,88.01
1/12/2018,24261620,89.6,88.67,89.78,88.45
1/11/2018,17699700,88.08,88.13,88.13,87.24
1/10/2018,18639390,87.82,87.86,88.19,87.41
1/9/2018,19466220,88.22,88.65,88.73,87.86
1/8/2018,22110230,88.28,88.2,88.58,87.6
1/5/2018,23400070,88.19,87.66,88.41,87.43
1/4/2018,21904860,87.11,86.59,87.66,86.57
1/3/2018,25979960,86.35,86.06,86.51,85.97
1/2/2018,22122680,85.95,86.13,86.31,85.5
12/29/2017,18547840,85.54,85.63,86.05,85.5
12/28/2017,10589110,85.72,85.9,85.93,85.55
12/27/2017,14662250,85.71,85.65,85.98,85.22
12/26/2017,9883700,85.4,85.31,85.53,85.03
12/22/2017,14071140,85.51,85.4,85.63,84.92
12/21/2017,17939970,85.5,86.05,86.1,85.4
12/20/2017,23584190,85.52,86.2,86.3,84.71
12/19/2017,23339920,85.83,86.35,86.35,85.27
12/18/2017,22278960,86.38,87.12,87.5,86.23
12/15/2017,53921240,86.85,85.26,87.09,84.88
12/14/2017,19302690,84.69,85.43,85.87,84.53
12/13/2017,21708830,85.35,85.74,86,85.17
12/12/2017,23821210,85.58,85.31,86.05,85.08
12/11/2017,21446720,85.23,84.29,85.37,84.12
12/8/2017,24027610,84.16,83.63,84.58,83.33
12/7/2017,23170300,82.49,82.54,82.8,82
12/6/2017,24876890,82.78,81.55,83.14,81.43
12/5/2017,26144410,81.59,81.34,82.68,80.98
12/4/2017,39084990,81.08,84.42,84.43,80.7
12/1/2017,29387350,84.26,83.6,84.81,83.22
11/30/2017,32998560,84.17,83.51,84.52,83.34
11/29/2017,27358660,83.34,84.71,84.92,83.18
11/28/2017,21897340,84.88,84.07,85.06,84.02
11/27/2017,17721740,83.87,83.31,83.98,83.3
11/24/2017,7425603,83.26,83.01,83.43,82.78
11/22/2017,20550600,83.11,83.83,83.9,83.04
11/21/2017,21195610,83.72,82.74,83.84,82.74
11/20/2017,16128540,82.53,82.4,82.59,82.25
11/17/2017,22075340,82.4,83.12,83.12,82.24
11/16/2017,20957350,83.2,83.1,83.42,82.94
11/15/2017,19337370,82.98,83.47,83.69,82.69
11/14/2017,18759800,84.05,83.5,84.1,82.98
11/13/2017,14185670,83.93,83.66,83.94,83.46
11/10/2017,19395240,83.87,83.79,84.1,83.23
11/9/2017,21174120,84.09,84.11,84.27,82.9
11/8/2017,18027540,84.56,84.14,84.61,83.83
11/7/2017,17927430,84.27,84.77,84.9,83.93
11/6/2017,19852030,84.47,84.2,84.7,84.08
11/3/2017,17629140,84.14,84.08,84.54,83.4
11/2/2017,23980410,84.05,83.35,84.46,83.12
11/1/2017,22278730,83.18,83.68,83.76,82.88
10/31/2017,26949400,83.18,84.36,84.36,83.11
10/30/2017,31749180,83.89,83.7,84.33,83.11
10/27/2017,71022110,83.81,84.37,86.2,83.61
10/26/2017,31527350,78.76,79.2,79.42,78.75
10/25/2017,20377380,78.63,78.58,79.1,78.01
10/24/2017,17353840,78.86,78.9,79.2,78.46
10/23/2017,20609800,78.83,78.99,79.34,78.76
10/20/2017,22851290,78.81,78.32,78.97,78.22
10/19/2017,15080780,77.91,77.57,77.93,77.35
10/18/2017,13288960,77.61,77.67,77.85,77.37
10/17/2017,16072320,77.59,77.47,77.62,77.25
10/16/2017,12361880,77.65,77.42,77.81,77.35
10/13/2017,15319310,77.49,77.59,77.87,77.29
10/12/2017,17268390,77.12,76.49,77.29,76.37
10/11/2017,15378030,76.42,76.36,76.46,75.95
10/10/2017,13939430,76.29,76.33,76.63,76.14
10/9/2017,11386390,76.29,75.97,76.55,75.86
10/6/2017,13946480,76,75.67,76.03,75.54
10/5/2017,21176990,75.97,75.22,76.12,74.96
10/4/2017,13295060,74.69,74,74.72,73.71
10/3/2017,12186560,74.26,74.67,74.88,74.2
10/2/2017,15296380,74.61,74.71,75.01,74.3
9/29/2017,16989330,74.49,73.94,74.54,73.88
9/28/2017,10879150,73.87,73.54,73.97,73.31
9/27/2017,19487260,73.85,73.55,74.17,73.17
9/26/2017,17270990,73.26,73.67,73.81,72.99
9/25/2017,24131960,73.26,74.09,74.25,72.92
9/22/2017,14095440,74.41,73.99,74.51,73.85
9/21/2017,19172840,74.21,75.11,75.24,74.11
9/20/2017,20789800,74.94,75.35,75.55,74.31
9/19/2017,15769510,75.44,75.21,75.71,75.01
9/18/2017,23305610,75.16,75.23,75.97,75.04
9/15/2017,38515230,75.31,74.83,75.39,74.07
9/14/2017,15695470,74.77,75,75.49,74.52
9/13/2017,13353930,75.21,74.93,75.23,74.55
9/12/2017,14387100,74.68,74.76,75.24,74.37
9/11/2017,17900360,74.76,74.31,74.95,74.31
9/8/2017,14703700,73.98,74.33,74.44,73.84
9/7/2017,17468290,74.34,73.68,74.6,73.6
9/6/2017,16525320,73.4,73.74,74.04,73.35
9/5/2017,22234340,73.61,73.34,73.89,72.98
9/1/2017,21713620,73.94,74.71,74.74,73.64
8/31/2017,27645380,74.77,74.03,74.96,73.8
8/30/2017,16892790,74.01,73.01,74.21,72.83
8/29/2017,11470410,73.05,72.25,73.16,72.05
8/28/2017,14558700,72.83,73.06,73.09,72.55
8/25/2017,12790300,72.82,72.86,73.35,72.48
8/24/2017,17097240,72.69,72.74,72.86,72.07
8/23/2017,13758650,72.72,72.96,73.15,72.53
8/22/2017,14333220,73.16,72.35,73.24,72.35
8/21/2017,17698800,72.15,72.47,72.48,71.7
8/18/2017,18760830,72.49,72.27,72.84,71.93
8/17/2017,22450130,72.4,73.58,73.87,72.4
8/16/2017,18146300,73.65,73.34,74.1,73.17
8/15/2017,19174140,73.22,73.59,73.59,73.04
8/14/2017,20079920,73.59,73.06,73.72,72.95
8/11/2017,21429130,72.5,71.61,72.7,71.28
8/10/2017,23882090,71.41,71.9,72.19,71.35
8/9/2017,22208930,72.47,72.25,72.51,72.05
8/8/2017,22029970,72.79,72.09,73.13,71.75
8/7/2017,18703680,72.4,72.8,72.9,72.26
8/4/2017,22578340,72.68,72.4,73.04,72.24
8/3/2017,18203460,72.15,72.19,72.44,71.85
8/2/2017,26487360,72.26,72.55,72.56,71.45
8/1/2017,20755590,72.58,73.1,73.42,72.49
7/31/2017,23546300,72.7,73.3,73.44,72.41
7/28/2017,17800810,73.04,72.67,73.31,72.54
7/27/2017,35803280,73.16,73.76,74.42,72.32
7/26/2017,16074960,74.05,74.34,74.38,73.81
7/25/2017,21934340,74.19,73.8,74.31,73.5
7/24/2017,21227590,73.6,73.53,73.75,73.13
7/21/2017,46301020,73.79,73.45,74.29,73.17
7/20/2017,39459200,74.22,74.18,74.3,73.28
7/19/2017,22071360,73.86,73.5,74.04,73.45
7/18/2017,26356400,73.3,73.09,73.39,72.66
7/17/2017,21776670,73.35,72.8,73.45,72.72
7/14/2017,25780260,72.78,72.24,73.27,71.96
7/13/2017,20267570,71.77,71.5,72.04,71.31
7/12/2017,17747470,71.15,70.69,71.28,70.55
7/11/2017,17459190,69.99,70,70.68,69.75
7/10/2017,15006190,69.98,69.46,70.25,69.2
7/7/2017,15910410,69.46,68.7,69.84,68.7
7/6/2017,21108330,68.57,68.27,68.78,68.12
7/5/2017,21164570,69.08,68.26,69.44,68.22
7/3/2017,16165540,68.17,69.33,69.6,68.02
6/30/2017,24094240,68.93,68.78,69.38,68.74
6/29/2017,28898600,68.49,69.38,69.49,68.09
6/28/2017,25802760,69.8,69.21,69.84,68.79
6/27/2017,25214000,69.21,70.11,70.18,69.18
6/26/2017,19508480,70.53,71.4,71.71,70.45
6/23/2017,27071300,71.21,70.09,71.25,69.92
6/22/2017,22602120,70.26,70.54,70.59,69.71
6/21/2017,19681370,70.27,70.21,70.62,69.94
6/20/2017,21509280,69.91,70.82,70.87,69.87
6/19/2017,23309860,70.87,70.5,70.95,70.35
6/16/2017,48278130,70,69.73,70.03,69.22
6/15/2017,26006180,69.9,69.27,70.21,68.8
6/14/2017,25483760,70.27,70.91,71.1,69.43
6/13/2017,25254650,70.65,70.02,70.82,69.96
6/12/2017,47720550,69.78,69.25,69.94,68.13
6/9/2017,49143030,70.32,72.04,72.08,68.59
6/8/2017,24460980,71.95,72.51,72.52,71.5
6/7/2017,22282420,72.39,72.64,72.77,71.95
6/6/2017,31506590,72.52,72.3,72.62,72.27
6/5/2017,33303010,72.28,71.97,72.89,71.81
6/2/2017,34637860,71.76,70.44,71.86,70.24
6/1/2017,21538070,70.1,70.24,70.61,69.45
5/31/2017,30445790,69.84,70.53,70.74,69.81
5/30/2017,17057170,70.41,69.79,70.41,69.77
5/26/2017,19716360,69.96,69.8,70.22,69.52
5/25/2017,21838800,69.62,68.97,69.88,68.91
5/24/2017,14665710,68.77,68.87,68.88,68.45
5/23/2017,15423430,68.68,68.72,68.75,68.38
5/22/2017,16216010,68.45,67.89,68.5,67.5
5/19/2017,26905730,67.69,67.5,68.1,67.43
5/18/2017,25184940,67.71,67.4,68.13,67.14
5/17/2017,30494870,67.48,68.89,69.1,67.43
5/16/2017,34936100,69.41,68.23,69.44,68.16
5/15/2017,30954130,68.43,68.14,68.48,67.57
5/12/2017,18700160,68.38,68.61,68.61,68.04
5/11/2017,28771250,68.46,68.36,68.73,68.12
5/10/2017,17934310,69.31,68.99,69.56,68.92
5/9/2017,22442280,69.04,68.86,69.28,68.68
5/8/2017,18553900,68.94,68.97,69.05,68.42
5/5/2017,19037540,69,68.9,69.03,68.49
5/4/2017,21684030,68.81,69.03,69.08,68.64
5/3/2017,28901660,69.08,69.38,69.38,68.71
5/2/2017,23528160,69.3,69.71,69.71,69.13
5/1/2017,31902530,69.41,68.68,69.55,68.5
4/28/2017,39431920,68.46,68.91,69.14,67.69
4/27/2017,34301810,68.27,68.15,68.38,67.58
4/26/2017,26132990,67.83,68.08,68.31,67.62
4/25/2017,30186690,67.92,67.9,68.04,67.6
4/24/2017,29721350,67.53,67.48,67.66,67.1
4/21/2017,32507090,66.4,65.67,66.7,65.45
4/20/2017,22298340,65.5,65.46,65.75,65.14
4/19/2017,26983430,65.04,65.65,65.75,64.89
4/18/2017,15145300,65.39,65.33,65.71,65.16
4/17/2017,16664820,65.48,65.04,65.49,65.01
4/13/2017,17875510,64.95,65.29,65.86,64.95
4/12/2017,17107430,65.23,65.42,65.51,65.11
4/11/2017,18783560,65.48,65.6,65.61,64.85
4/10/2017,17951970,65.53,65.61,65.82,65.36
4/7/2017,14089430,65.68,65.85,65.96,65.44
4/6/2017,18074330,65.73,65.6,66.06,65.48
4/5/2017,21418530,65.56,66.3,66.35,65.44
4/4/2017,12988620,65.73,65.39,65.81,65.28
4/3/2017,20362440,65.55,65.81,65.94,65.19
3/31/2017,21037270,65.86,65.65,66.19,65.45
3/30/2017,15109580,65.71,65.42,65.98,65.36
3/29/2017,13613870,65.47,65.12,65.5,64.95
3/28/2017,20066100,65.29,64.96,65.47,64.65
3/27/2017,18555230,65.1,64.63,65.22,64.35
3/24/2017,22616680,64.98,65.12,65.45,64.76
3/23/2017,19267040,64.87,64.94,65.24,64.77
3/22/2017,20635780,65.03,64.12,65.14,64.12
3/21/2017,26607950,64.21,65.19,65.5,64.13
3/20/2017,14273670,64.93,64.91,65.18,64.72
3/17/2017,49077080,64.87,64.91,65.24,64.68
3/16/2017,20638340,64.64,64.75,64.76,64.3
3/15/2017,24819560,64.75,64.55,64.92,64.25
3/14/2017,14280080,64.41,64.53,64.55,64.15
3/13/2017,19558920,64.71,65.01,65.2,64.57
3/10/2017,19531290,64.93,65.11,65.26,64.75
3/9/2017,19841220,64.73,65.19,65.2,64.48
3/8/2017,21510490,64.99,64.26,65.09,64.25
3/7/2017,18507840,64.4,64.19,64.78,64.19
3/6/2017,17536510,64.27,63.97,64.56,63.81
3/3/2017,18138220,64.25,63.99,64.28,63.62
3/2/2017,24523130,64.01,64.69,64.75,63.88
3/1/2017,26911390,64.94,64.13,64.99,64.02
2/28/2017,23225630,63.98,64.08,64.2,63.76
2/27/2017,15852360,64.23,64.54,64.54,64.05
2/24/2017,21778650,64.62,64.53,64.8,64.14
2/23/2017,20255890,64.62,64.42,64.73,64.2
2/22/2017,19274640,64.36,64.33,64.39,64.05
2/21/2017,20643320,64.49,64.61,64.95,64.45
2/17/2017,21236980,64.62,64.47,64.69,64.3
2/16/2017,20538890,64.52,64.74,65.24,64.44
2/15/2017,16984020,64.53,64.5,64.57,64.16
2/14/2017,23080270,64.57,64.41,64.72,64.02
2/13/2017,22871800,64.72,64.24,64.86,64.13
2/10/2017,18169980,64,64.25,64.3,63.98
2/9/2017,22625170,64.06,63.52,64.44,63.32
2/8/2017,18089300,63.34,63.57,63.81,63.22
2/7/2017,20271020,63.43,63.74,63.78,63.23
2/6/2017,19776560,63.64,63.5,63.65,63.14
2/3/2017,30288330,63.68,63.5,63.7,63.07
2/2/2017,45820410,63.17,63.25,63.41,62.75
2/1/2017,39650890,63.58,64.36,64.62,63.47
1/31/2017,25258900,64.65,64.86,65.15,64.26
1/30/2017,31627120,65.13,65.69,65.79,64.8
1/27/2017,44806710,65.78,65.39,65.91,64.89
1/26/2017,42688490,64.27,64.12,64.54,63.55
1/25/2017,24480930,63.68,63.95,64.1,63.45
1/24/2017,24647260,63.52,63.2,63.74,62.94
1/23/2017,23055910,62.96,62.7,63.12,62.57
1/20/2017,30067740,62.74,62.67,62.82,62.37
1/19/2017,18438530,62.3,62.24,62.98,62.2
1/18/2017,19666750,62.5,62.67,62.7,62.12
1/17/2017,20662940,62.53,62.68,62.7,62.03
1/13/2017,19421370,62.7,62.62,62.87,62.35
1/12/2017,20965490,62.61,63.06,63.4,61.95
1/11/2017,21503740,63.19,62.61,63.23,62.43
1/10/2017,18587170,62.62,62.73,63.07,62.28
1/9/2017,20374410,62.64,62.76,63.08,62.54
1/6/2017,19899270,62.84,62.3,63.15,62.04
1/5/2017,24866880,62.3,62.19,62.66,62.03
1/4/2017,21325140,62.3,62.48,62.75,62.12
1/3/2017,20655190,62.58,62.79,62.84,62.13
12/30/2016,25575720,62.14,62.96,62.99,62.03
12/29/2016,10248460,62.9,62.86,63.2,62.73
12/28/2016,14348340,62.99,63.4,63.4,62.83
12/27/2016,11743650,63.28,63.21,64.07,63.21
12/23/2016,12399540,63.24,63.45,63.54,62.8
12/22/2016,22175270,63.55,63.84,64.1,63.41
12/21/2016,17084370,63.54,63.43,63.7,63.12
12/20/2016,26017470,63.54,63.69,63.8,63.03
12/19/2016,34318500,63.62,62.56,63.77,62.42
12/16/2016,42452660,62.3,62.95,62.95,62.12
12/15/2016,27661180,62.58,62.7,63.15,62.3
12/14/2016,30335770,62.68,63,63.45,62.53
12/13/2016,35072050,62.98,62.5,63.42,62.24
12/12/2016,20186390,62.17,61.82,62.3,61.72
12/9/2016,27337160,61.97,61.18,61.99,61.13
12/8/2016,21201400,61.01,61.3,61.58,60.84
12/7/2016,30807320,61.37,60.01,61.38,59.8
12/6/2016,19966340,59.95,60.43,60.46,59.8
12/5/2016,23552030,60.22,59.7,60.59,59.56
12/2/2016,25464230,59.25,59.08,59.47,58.8
12/1/2016,34518030,59.2,60.11,60.15,58.94
11/30/2016,34641520,60.26,60.86,61.18,60.22
11/29/2016,22365860,61.09,60.65,61.41,60.52
11/28/2016,20604370,60.61,60.34,61.02,60.21
11/25/2016,8409616,60.53,60.3,60.53,60.13
11/23/2016,21847500,60.4,61.01,61.1,60.25
11/22/2016,23205870,61.12,60.98,61.26,60.81
11/21/2016,19638240,60.86,60.5,60.97,60.42
11/18/2016,27210170,60.35,60.78,61.14,60.3
11/17/2016,32084890,60.64,60.41,60.95,59.97
11/16/2016,27329530,59.65,58.94,59.66,58.81
11/15/2016,35850360,58.87,58.33,59.49,58.32
11/14/2016,41248640,58.12,59.02,59.08,57.28
11/11/2016,35932400,59.02,58.23,59.12,58.01
11/10/2016,57770560,58.7,60.48,60.49,57.63
11/9/2016,49588490,60.17,60,60.59,59.2
11/8/2016,22923800,60.47,60.55,60.78,60.15
11/7/2016,31652340,60.42,59.78,60.52,59.78
11/4/2016,28693430,58.71,58.65,59.28,58.52
11/3/2016,21448620,59.21,59.53,59.64,59.11
11/2/2016,22118490,59.43,59.82,59.93,59.3
11/1/2016,24474870,59.8,59.97,60.02,59.25
10/31/2016,26418340,59.92,60.16,60.42,59.92
10/28/2016,33569190,59.87,60.01,60.52,59.58
10/27/2016,28444550,60.1,60.61,60.83,60.09
10/26/2016,29908240,60.63,60.81,61.2,60.47
10/25/2016,35119480,60.99,60.85,61.37,60.8
10/24/2016,54039610,61,59.94,61,59.93
10/21/2016,80008400,59.66,60.28,60.45,59.49
10/20/2016,48880910,57.25,57.5,57.52,56.66
10/19/2016,22840410,57.53,57.47,57.84,57.4
10/18/2016,18862790,57.66,57.53,57.95,57.41
10/17/2016,23829490,57.22,57.36,57.46,56.87
10/14/2016,27221480,57.42,57.12,57.74,57.12
10/13/2016,25217590,56.92,56.7,57.3,56.32
10/12/2016,22157100,57.11,57.11,57.27,56.4
10/11/2016,26483780,57.19,57.89,58.02,56.89
10/10/2016,18085830,58.04,57.91,58.39,57.87
10/7/2016,20062440,57.8,57.85,57.98,57.42
10/6/2016,16194470,57.74,57.74,57.86,57.28
10/5/2016,16708620,57.64,57.29,57.96,57.26
10/4/2016,20061950,57.24,57.27,57.6,56.97
10/3/2016,19156410,57.42,57.41,57.55,57.06
9/30/2016,29877820,57.6,57.57,57.77,57.34
9/29/2016,25389600,57.4,57.81,58.17,57.21
9/28/2016,20523320,58.03,57.88,58.06,57.67
9/27/2016,28029780,57.95,56.93,58.06,56.68
9/26/2016,21184750,56.9,57.08,57.14,56.83
9/23/2016,19941140,57.43,57.87,57.91,57.38
9/22/2016,19821760,57.82,57.92,58,57.63
9/21/2016,33623490,57.76,57.51,57.85,57.08
9/20/2016,17347740,56.81,57.35,57.35,56.75
9/19/2016,20919450,56.93,57.27,57.75,56.85
9/16/2016,44603890,57.25,57.63,57.63,56.75
9/15/2016,27049520,57.19,56.15,57.35,55.98
9/14/2016,24265700,56.26,56.39,56.63,56.03
9/13/2016,30062330,56.53,56.5,56.65,56.05
9/12/2016,29266780,57.05,56,57.21,55.61
9/9/2016,35026930,56.21,56.79,57.52,56.21
9/8/2016,20109050,57.43,57.63,57.79,57.18
9/7/2016,17484810,57.66,57.47,57.84,57.41
9/6/2016,16264890,57.61,57.78,57.8,57.21
9/2/2016,18897210,57.67,57.67,58.19,57.42
9/1/2016,26053530,57.59,57.01,57.82,57.01
8/31/2016,20844280,57.46,57.65,57.8,57.3
8/30/2016,16900190,57.89,57.98,58.19,57.61
8/29/2016,16388470,58.1,58.18,58.6,58.1
8/26/2016,20935160,58.03,58.28,58.7,57.69
8/25/2016,18551890,58.17,57.88,58.29,57.78
8/24/2016,17118420,57.95,57.8,58.04,57.72
8/23/2016,18722560,57.89,57.9,58.18,57.85
8/22/2016,15215880,57.67,57.6,57.75,57.26
8/19/2016,17271010,57.62,57.43,57.73,57.2
8/18/2016,14211810,57.6,57.42,57.7,57.27
8/17/2016,18798940,57.56,57.54,57.68,57.23
8/16/2016,20452960,57.44,57.61,57.62,57.27
8/15/2016,18764820,58.12,58.01,58.5,57.96
8/12/2016,21646690,57.94,58.03,58.19,57.62
8/11/2016,18161190,58.3,58.03,58.45,58.03
8/10/2016,15702720,58.02,58.16,58.32,57.82
8/9/2016,16891750,58.2,58.17,58.5,58.02
8/8/2016,19459340,58.06,58.06,58.09,57.78
8/5/2016,28804780,57.96,57.65,58.21,57.45
8/4/2016,26485600,57.39,56.8,57.52,56.67
8/3/2016,22069790,56.97,56.68,57.11,56.49
8/2/2016,35115250,56.58,56.85,56.9,56.31
8/1/2016,26003110,56.58,56.6,56.75,56.14
7/29/2016,30556950,56.68,56.26,56.76,56.05
7/28/2016,37246140,56.21,56,56.37,55.72
7/27/2016,32283520,56.19,56.61,56.8,56.11
7/26/2016,28028820,56.76,56.52,57.29,56.51
7/25/2016,24313330,56.73,56.47,56.74,56.26
7/22/2016,31900840,56.57,56.08,56.63,55.78
7/21/2016,32752350,55.8,55.98,56.23,55.76
7/20/2016,89835200,55.91,56.15,56.84,55.53
7/19/2016,51870970,53.09,53.71,53.9,52.93
7/18/2016,31087650,53.96,53.7,54.34,53.55
7/15/2016,31986450,53.7,53.95,54,53.21
7/14/2016,24535370,53.74,53.84,53.99,53.58
7/13/2016,25334860,53.51,53.56,53.86,53.18
7/12/2016,27312600,53.21,52.94,53.4,52.79
7/11/2016,21894550,52.59,52.5,52.83,52.47
7/8/2016,28390820,52.3,51.73,52.36,51.55
7/7/2016,19582210,51.38,51.42,51.61,51.07
7/6/2016,28165990,51.38,50.78,51.54,50.39
7/5/2016,24781550,51.17,50.83,51.28,50.74
7/1/2016,21398770,51.16,51.13,51.72,51.07
6/30/2016,28524020,51.17,50.72,51.3,50.5
6/29/2016,31287260,50.54,49.91,50.72,49.8
6/28/2016,38132040,49.44,48.92,49.47,48.67
6/27/2016,50308070,48.43,49.1,49.15,48.04
6/24/2016,133456500,49.83,49.81,50.94,49.52
6/23/2016,28960330,51.91,51.28,52.06,51.15
6/22/2016,28801660,50.99,51.08,51.46,50.95
6/21/2016,34075570,51.19,50.2,51.43,50.16
6/20/2016,35597220,50.07,50.64,50.83,50.03
6/17/2016,45675100,50.13,50.41,50.43,49.82
6/16/2016,31104460,50.39,49.52,50.47,49.51
6/15/2016,33718830,49.69,49.78,50.12,49.69
6/14/2016,42568290,49.83,49.9,50.1,49.57
6/13/2016,83206230,50.14,49.58,50.72,49.06
6/10/2016,25833020,51.48,51.05,52.05,51.04
6/9/2016,20303990,51.62,52,52,51.49
6/8/2016,21127190,52.04,52.02,52.44,51.87
6/7/2016,20798030,52.1,52.24,52.73,52.1
6/6/2016,18137760,52.13,51.99,52.35,51.89
6/3/2016,23254530,51.79,52.38,52.42,51.6
6/2/2016,22682220,52.48,52.64,52.74,51.84
6/1/2016,25104350,52.85,52.44,52.95,52.44
5/31/2016,37461550,53,52.26,53,52.08
5/27/2016,17671620,52.32,51.92,52.32,51.77
5/26/2016,24308620,51.89,51.93,51.98,51.36
5/25/2016,24176970,52.12,51.92,52.49,51.79
5/24/2016,34726410,51.59,50.7,51.71,50.4
5/23/2016,26110160,50.03,50.6,50.68,49.98
5/20/2016,23770620,50.62,50.48,51.22,50.4
5/19/2016,23784750,50.32,50.47,50.62,49.82
5/18/2016,24861480,50.81,50.48,51.14,50.3
5/17/2016,27790370,50.51,51.72,51.73,50.36
5/16/2016,19962750,51.83,50.8,51.96,50.75
5/13/2016,22439560,51.08,51.44,51.9,51.04
5/12/2016,24101640,51.51,51.2,51.81,50.92
5/11/2016,24026140,51.05,51.13,51.78,51
5/10/2016,22871860,51.02,50.33,51.1,50.19
5/9/2016,17883360,50.07,50.49,50.59,50
5/6/2016,24772020,50.39,49.92,50.39,49.66
5/5/2016,25386690,49.94,49.87,50.3,49.73
5/4/2016,24249670,49.87,49.84,50.06,49.46
5/3/2016,26445230,49.78,50.34,50.41,49.6
5/2/2016,33105170,50.61,50,50.75,49.78
4/29/2016,48391580,49.87,49.35,50.25,49.35
4/28/2016,43108350,49.9,50.62,50.77,49.56
4/27/2016,43301480,50.94,51.48,51.5,50.55
4/26/2016,33513780,51.44,52.26,52.35,51.09
4/25/2016,33124870,52.11,51.78,52.13,51.63
4/22/2016,126793100,51.78,51.91,52.43,50.77
4/21/2016,38182900,55.78,55.8,56.23,55.42
4/20/2016,36169280,55.59,56.29,56.5,55.49
4/19/2016,29566220,56.39,56.63,56.77,55.68
4/18/2016,23758570,56.46,55.49,56.59,55.21
4/15/2016,28462970,55.65,55.3,55.92,55.11
4/14/2016,20875260,55.36,55.22,55.58,55.07
4/13/2016,20813640,55.35,55.12,55.44,54.89
4/12/2016,24874410,54.65,54.37,54.78,53.76
4/11/2016,21400400,54.31,54.49,55.15,54.3
4/8/2016,22159630,54.42,54.67,55.28,54.32
4/7/2016,19221270,54.46,54.87,54.91,54.23
4/6/2016,21072150,55.12,54.36,55.2,54.21
4/5/2016,19261620,54.56,55.19,55.3,54.46
4/4/2016,18908300,55.43,55.43,55.66,55
4/1/2016,24383590,55.57,55.05,55.61,54.57
3/31/2016,26353570,55.23,54.95,55.59,54.86
3/30/2016,22992090,55.05,54.93,55.64,54.9
3/29/2016,23913950,54.71,53.66,54.86,53.45
3/28/2016,17018120,53.54,54.21,54.29,53.33
3/24/2016,18967510,54.21,53.84,54.33,53.73
3/23/2016,20123800,53.97,54.11,54.24,53.74
3/22/2016,23105140,54.07,53.61,54.25,53.46
3/21/2016,23920160,53.86,53.25,53.93,52.93
3/18/2016,67622520,53.49,54.92,54.97,53.45
3/17/2016,28193010,54.66,54.21,55,54
3/16/2016,31679130,54.35,53.45,54.6,53.4
3/15/2016,21011480,53.59,52.75,53.59,52.74
3/14/2016,24079770,53.17,52.71,53.59,52.63
3/11/2016,32267360,53.07,53,53.07,52.38
3/10/2016,38385600,52.05,52.93,52.94,51.16
3/9/2016,28238270,52.84,51.89,52.85,51.86
3/8/2016,33822940,51.65,50.8,52.13,50.6
3/7/2016,38426220,51.03,51.56,51.8,50.58
3/4/2016,33033010,52.03,52.4,52.45,51.71
3/3/2016,24423260,52.35,52.97,52.97,51.78
3/2/2016,29269240,52.95,52.41,52.96,52.16
3/1/2016,32999880,52.58,50.97,52.59,50.92
2/29/2016,31632160,50.88,51.35,51.65,50.66
2/26/2016,35945290,51.3,52.6,52.68,51.1
2/25/2016,26906570,52.1,51.73,52.1,50.61
2/24/2016,32918630,51.36,50.69,51.5,50.2
2/23/2016,28866480,51.18,52.34,52.37,50.98
2/22/2016,24992030,52.65,52.28,53,52.28
2/19/2016,33531580,51.82,51.97,52.28,51.53
2/18/2016,27016950,52.19,52.33,52.95,52.1
2/17/2016,40779580,52.42,51.49,52.77,51.45
2/16/2016,36460400,51.09,50.9,51.09,50.13
2/12/2016,34216160,50.5,50.25,50.68,49.75
2/11/2016,48855890,49.69,48.68,50.11,48.51
2/10/2016,38220450,49.71,49.89,50.39,49.52
2/9/2016,46589450,49.28,49.02,50.24,48.67
2/8/2016,58393070,49.41,49.55,49.57,48.19
2/5/2016,61262540,50.16,51.94,52,49.56
2/4/2016,46967100,52,52.1,52.81,51.37
2/3/2016,57526850,52.16,53.25,53.39,51.26
2/2/2016,55388320,53,54.17,54.26,52.65
2/1/2016,44172930,54.71,54.88,55.09,54.5
1/29/2016,83559310,55.09,54.73,55.09,54
1/28/2016,61275100,52.06,51.86,52.21,51.25
1/27/2016,36647310,51.22,52.01,52.2,51.02
1/26/2016,28768620,52.17,51.79,52.44,51.55
1/25/2016,34654900,51.79,51.94,52.65,51.65
1/22/2016,36881330,52.29,51.41,52.33,51.26
1/21/2016,40172530,50.48,51,51.58,50.3
1/20/2016,63249630,50.79,49.98,51.38,49.1
1/19/2016,43484630,50.56,51.48,51.68,50.06
1/15/2016,71037400,50.99,51.31,51.97,50.34
1/14/2016,52227000,53.11,52,53.42,51.57
1/13/2016,66862860,51.64,53.8,54.07,51.3
1/12/2016,36061760,52.78,52.76,53.1,52.06
1/11/2016,36889200,52.3,52.51,52.85,51.46
1/8/2016,48718970,52.33,52.37,53.28,52.15
1/7/2016,56497950,52.17,52.7,53.49,52.07
1/6/2016,39498780,54.05,54.32,54.4,53.64
1/5/2016,34059040,55.05,54.93,55.39,54.54
1/4/2016,53209740,54.8,54.32,54.8,53.39
12/31/2015,27329930,55.48,56.04,56.19,55.42
12/30/2015,21690270,56.31,56.47,56.78,56.29
12/29/2015,27727810,56.55,56.29,56.85,56.06
12/28/2015,21704030,55.95,55.35,55.95,54.98
12/24/2015,9570002,55.67,55.86,55.96,55.43
12/23/2015,27269200,55.82,55.7,55.88,55.44
12/22/2015,28305310,55.35,54.99,55.48,54.5
12/21/2015,37221910,54.83,54.88,55.35,54.23
12/18/2015,84141520,54.13,55.77,56,54.03
12/17/2015,41244620,55.7,56.36,56.79,55.53
12/16/2015,37473420,56.13,55.54,56.25,54.76
12/15/2015,39678290,55.2,55.66,55.9,55.09
12/14/2015,46963970,55.14,54.33,55.21,53.68
12/11/2015,39535140,54.06,54.71,55.1,54.01
12/10/2015,31771820,55.27,55.39,55.66,55.01
12/9/2015,36359780,54.98,55.37,55.87,54.51
12/8/2015,32752860,55.79,55.47,56.1,54.99
12/7/2015,30704980,55.81,55.79,55.97,55.29
12/4/2015,43954660,55.91,54.12,56.23,54.1
12/3/2015,38625370,54.2,55.49,55.77,53.93
12/2/2015,47249030,55.21,55.32,55.96,55.06
12/1/2015,39912320,55.22,54.41,55.23,54.3
11/30/2015,54403560,54.35,54.54,54.96,54
11/27/2015,9009132,53.93,53.8,54.08,53.79
11/25/2015,20987820,53.69,54.09,54.23,53.69
11/24/2015,24589530,54.25,53.92,54.44,53.58
11/23/2015,28218110,54.19,54.25,54.46,53.75
11/20/2015,37106670,54.19,54.25,54.3,53.27
11/19/2015,28141820,53.94,53.99,54.66,53.78
11/18/2015,29125950,53.85,53,53.98,52.98
11/17/2015,31546750,52.97,53.17,53.53,52.85
11/16/2015,31944340,53.77,53.08,53.89,52.85
11/13/2015,36796370,52.84,53.07,53.29,52.53
11/12/2015,35304350,53.32,53.48,53.98,53.19
11/11/2015,34010630,53.65,53.7,54.2,53.46
11/10/2015,55268090,53.51,54.07,54.13,53.27
11/9/2015,32498870,54.16,54.55,54.87,53.56
11/6/2015,32835100,54.92,54.09,54.98,53.96
11/5/2015,31466080,54.38,54.49,54.7,54
11/4/2015,37084780,54.4,54.18,54.88,54.06
11/3/2015,36584100,54.15,52.93,54.39,52.9
11/2/2015,30229020,53.24,52.85,53.36,52.62
10/30/2015,46602700,52.64,53.32,53.99,52.62
10/29/2015,30109050,53.36,53.54,53.83,53.22
10/28/2015,46948360,53.98,53.54,53.98,52.86
10/27/2015,50959580,53.69,53.99,54.37,53.58
10/26/2015,64541790,54.25,52.53,54.32,52.5
10/23/2015,135152900,52.87,52.3,54.07,52.25
10/22/2015,55888280,48.03,47.53,48.95,47.09
10/21/2015,25222760,47.2,47.92,47.99,47.11
10/20/2015,30794100,47.77,47.44,47.81,47.02
10/19/2015,29357660,47.62,47.42,47.88,47.02
10/16/2015,25845550,47.51,47.02,47.54,46.9
10/15/2015,27155510,47.01,47.01,47.03,46.53
10/14/2015,24693460,46.68,46.65,47.1,46.53
10/13/2015,19985330,46.89,46.56,47.13,46.56
10/12/2015,19756420,47,46.98,47.07,46.5
10/9/2015,28581690,47.11,47.45,47.54,46.92
10/8/2015,33733860,47.45,46.56,47.52,46.5
10/7/2015,27695610,46.8,47.1,47.35,45.95
10/6/2015,27504360,46.75,46.33,47.18,46.22
10/5/2015,33546080,46.63,45.75,46.89,45.7
10/2/2015,41789610,45.57,44.27,45.57,43.92
10/1/2015,28564790,44.61,44.75,44.75,43.75
9/30/2015,34944070,44.26,43.88,44.3,43.66
9/29/2015,32748610,43.44,43.37,43.57,43.05
9/28/2015,27454240,43.29,43.83,44.09,43.21
9/25/2015,29378050,43.94,44.48,44.73,43.76
9/24/2015,27867010,43.91,43.45,44.13,43.27
9/23/2015,17099600,43.87,43.93,44.17,43.51
9/22/2015,28060540,43.9,43.38,44.05,43.31
9/21/2015,26084680,44.11,43.62,44.47,43.6
9/18/2015,63000180,43.48,43.5,43.99,43.33
9/17/2015,29908540,44.25,44.29,45,44.08
9/16/2015,23337620,44.3,43.97,44.38,43.84
9/15/2015,28831030,43.98,43.19,44.29,43.08
9/14/2015,23654490,43.04,43.43,43.44,42.86
9/11/2015,26475350,43.48,43.14,43.59,42.94
9/10/2015,31313520,43.29,43.12,43.79,42.75
9/9/2015,33448580,43.07,44.21,44.4,42.91
9/8/2015,32411680,43.89,43.3,44,43.2
9/4/2015,37019110,42.61,42.81,43.04,42.2
9/3/2015,28206410,43.5,43.41,43.98,43.28
9/2/2015,37624230,43.36,42.36,43.38,41.88
9/1/2015,49682210,41.82,42.17,42.59,41.66
8/31/2015,34434480,43.52,43.56,43.93,43.1
8/28/2015,28243230,43.93,43.4,44.15,43.39
8/27/2015,50612610,43.9,43.23,43.95,42.93
8/26/2015,63297300,42.71,42.01,42.84,41.06
8/25/2015,70369920,40.47,42.57,43.24,40.39
8/24/2015,88489910,41.68,40.45,43.31,39.72
8/21/2015,69463900,43.07,45.3,45.48,43.07
8/20/2015,36176380,45.66,46.07,46.47,45.66
8/19/2015,31472060,46.61,46.78,47.08,46.3
8/18/2015,23572990,47.27,46.84,47.43,46.7
8/17/2015,21039660,47.32,46.81,47.45,46.57
8/14/2015,21460830,47,46.53,47.1,46.52
8/13/2015,22612650,46.73,47.06,47.1,46.49
8/12/2015,30184710,46.74,46.19,46.9,45.71
8/11/2015,28757610,46.41,46.82,46.94,45.9
8/10/2015,23045530,47.33,46.95,47.49,46.84
8/7/2015,19158590,46.74,46.39,46.78,46.26
8/6/2015,27344040,46.62,47.71,47.77,46.33
8/5/2015,27003740,47.58,47.98,48.41,47.54
8/4/2015,33306110,47.54,46.75,47.71,46.68
8/3/2015,23919340,46.81,46.98,47,46.45
7/31/2015,31192430,46.7,47.29,47.37,46.5
7/30/2015,39755700,46.88,46.26,47.4,45.93
7/29/2015,40924210,46.29,45.4,46.78,45.26
7/28/2015,34309080,45.34,45.58,45.64,44.79
7/27/2015,39472930,45.35,45.94,46.01,45.25
